civilite,prenom,nom,societe,site,departement,service,fonction,manager-prenom,manager-nom,""nom de pc"",""marque pc"",""date de naissance"",""telephone fixe"",""telephone portable""
m.,alban,dumas,pharmgreen,paris,ou_comrpublique,ou_relamedia,redacteur,aurelien,brunet,pa78671,hp,02/12/1987,0197796902,0615034263
m.,aurelien,brunet,pharmgreen,paris,ou_comrpublique,ou_relamedia,"responsable relation media",noemie,leloir,pa68867,dell,12/03/1985,0114409115,0778858220
m.,corentin,arnaud,pharmgreen,paris,ou_comrpublique,ou_comint,"community manager",gaelle,colin,pa11094,dell,01/01/1991,0148522008,0710630503
m.,damien,calouhouet,i-magyne,paris,ou_comrpublique,ou_externe,monteur,aurelien,brunet,-,-,-,-,0612558490
m.,diego,aubert,pharmgreen,paris,ou_comrpublique,ou_comint,"community manager",gaelle,colin,pa19149,dell,14/05/1989,0198004015,0736672209
mme,elsa,tashi,pharmgreen,paris,ou_comrpublique,ou_relamedia,redacteur,aurelien,brunet,pa10326,dell,08/12/1996,0199523757,0759440381
m.,erwan,faure,pharmgreen,paris,ou_comrpublique,ou_comint,"charge de communication",gaelle,colin,pa10218,-,17/06/1993,0127364911,0707561174
mme,felianne,fernandez,pharmgreen,paris,ou_comrpublique,ou_relamedia,redacteur,aurelien,brunet,pa92969,dell,17/11/1992,0122223912,0655605121
m.,felix,jean,"studio dlight",nantes,ou_comrpublique,ou_externe,monteur,aurelien,brunet,-,-,-,-,0684213048
mme,gaelle,colin,pharmgreen,paris,ou_comrpublique,ou_comint,"responsable communication",noemie,leloir,pa23669,dell,23/06/1999,0146389837,0625101497
m.,gaetan,roussel,pharmgreen,paris,ou_comrpublique,ou_gesmar,webmaster,gaelle,colin,pa74884,dell,27/10/1994,0181708327,0622836246
mme,ines,henry,pharmgreen,paris,ou_comrpublique,ou_gesmar,webmaster,gaelle,colin,pa39469,dell,05/01/2000,0138585445,0685150170
mme,laurence,guerin,pharmgreen,paris,ou_comrpublique,ou_gesmar,"designer graphique",gaelle,colin,pa63117,dell,20/07/1990,0114806301,0642681764
m.,loic,blanc,pharmgreen,paris,ou_comrpublique,ou_comint,"charge en droit de la communication",gaelle,colin,pa88356,dell,03/11/1982,0160352162,0747070420
m.,lukas,rousseau,pharmgreen,paris,ou_comrpublique,ou_gesmar,photographe,gaelle,colin,pa74987,dell,19/04/1993,0199526389,0742450021
m.,mathias,muller,pharmgreen,paris,ou_comrpublique,ou_gesmar,"community manager",gaelle,colin,pa63498,dell,08/12/2000,0112691924,0695993512
mme,noemie,leloir,pharmgreen,paris,ou_comrpublique,-,"directrice communication et relations publiques",camille,martin,pa68385,dell,14/11/1994,0165300831,0628752957
m.,ravi,martin,pharmgreen,paris,ou_comrpublique,ou_relamedia,redacteur,aurelien,brunet,pa44820,dell,27/04/2000,0158410241,0685102390
mme,regina,illaconnese,pharmgreen,paris,ou_comrpublique,ou_relamedia,"chargee relation presse",aurelien,brunet,pa99009,dell,16/11/1994,0155106945,0643567057
mme,salma,singh,pharmgreen,paris,ou_comrpublique,ou_relamedia,redacteur,aurelien,brunet,pa58693,dell,18/03/1995,0112550362,0763025412
mme,sophia,kusmerowic,pharmgreen,paris,ou_comrpublique,ou_relamedia,"chargee relation presse",aurelien,brunet,pa76764,dell,10/08/1988,0134259365,0732836175
mme,amina,diallo,pharmgreen,paris,ou_dptjur,ou_droitsso,juriste,fauve,holth,pa52039,-,-,-,-
m.,diego,fernandez,pharmgreen,paris,ou_dptjur,ou_protecdon,juriste,fauve,holth,pa99523,dell,19/03/1987,0132005698,-
mme,fatou,ba,pharmgreen,paris,ou_dptjur,ou_protecdon,juriste,fauve,holth,pa46325,lenovo,13/03/1984,0136923365,-
mme,faustine,denis,pharmgreen,paris,ou_dptjur,ou_propint,juriste,fauve,holth,pa51856,hp,15/03/1983,0102226399,-
mme,fauve,holth,pharmgreen,paris,ou_dptjur,-,"directeur juridique",camille,martin,pa87056,lenovo,08/01/1988,0169521011,0757881221
mme,helene,cault,pharmgreen,paris,ou_dptjur,ou_propint,juriste,fauve,holth,pa26363,lenovo,30/06/1985,0155916179,-
mme,irene,idr-bongo,"livingston & associes",paris,ou_dptjur,ou_externe,avocat,fauve,holth,-,-,-,0142995102,-
m.,jeremie,allert,"livingston & associes",paris,ou_dptjur,ou_externe,juriste,fauve,holth,-,-,-,0123954236,-
m.,kenji,tanaka,pharmgreen,paris,ou_dptjur,ou_propint,juriste,fauve,holth,pa05632,hp,17/10/2001,0187436250,-
m.,luca,rossi,pharmgreen,paris,ou_dptjur,ou_droitsso,juriste,fauve,holth,pa04236,-,-,-,-
mme,nadia,culcuu,"livingston & associes",paris,ou_dptjur,ou_externe,juriste,fauve,holth,-,-,-,0168235541,-
m.,remi,advezekt,pharmgreen,paris,ou_dptjur,ou_protecdon,juriste,fauve,holth,pa12540,lenovo,28/05/1997,0488168544,-
m.,robin,bourgeois,pharmgreen,paris,ou_dptjur,ou_protecdon,juriste,fauve,holth,pa33490,hp,17/07/1997,0130797419,-
m.,serge,kalfandier,"livingston & associes",paris,ou_dptjur,ou_externe,avocat,fauve,holth,-,-,-,0187569924,-
m.,yann,boyer,pharmgreen,paris,ou_dptjur,ou_protecdon,juriste,fauve,holth,pa48690,lenovo,30/03/1992,0198705216,-
mme,yara,haddad,pharmgreen,paris,ou_dptjur,ou_propint,juriste,fauve,holth,pa74362,hp,04/06/1982,0122369523,-
m.,adam,thomas,pharmgreen,paris,ou_devlog,ou_anacon,developpeur,wilfried,jose,pa43813,toshiba,03/03/1993,-,-
mme,charlotte,giroux,pharmgreen,paris,ou_devlog,ou_anacon,developpeur,wilfried,jose,pa99876,lenovo,14/12/1998,-,-
m.,felix,hoffmann,pharmgreen,paris,ou_devlog,ou_anacon,developpeur,wilfried,jose,pa41987,hp,26/08/1987,-,-
m.,florent,houssay,pharmgreen,paris,ou_devlog,ou_anacon,developpeur,wilfried,jose,pa90613,hp,12/10/1993,-,-
m.,jeremy,martelant,pharmgreen,paris,ou_devlog,ou_anacon,developpeur,wilfried,jose,pa23575,lenovo,30/06/1989,-,-
m.,luca,duval,pharmgreen,paris,ou_devlog,ou_anacon,developpeur,wilfried,jose,pa18845,lenovo,25/09/1987,-,-
mme,nadege,rouiller,pharmgreen,paris,ou_devlog,ou_anacon,developpeur,wilfried,jose,pa36514,lenovo,05/12/1983,-,-
m.,oscar,gautier,pharmgreen,paris,ou_devlog,ou_anacon,developpeur,wilfried,jose,pa72016,hp,15/06/1990,-,-
m.,sacha,sacha-david,pharmgreen,paris,ou_devlog,ou_anacon,developpeur,wilfried,jose,pa31686,hp,13/08/1991,-,-
mme,stephanie,"le kerbriault",pharmgreen,paris,ou_devlog,ou_anacon,developpeur,wilfried,jose,pa42543,toshiba,17/03/1983,-,-
m.,wilfried,jose,pharmgreen,paris,ou_devlog,ou_anacon,"responsable analyse et conception",sofia,rossi,pa14433,lenovo,29/06/1987,0188064257,0773629374
m.,william,lemaire,pharmgreen,paris,ou_devlog,ou_anacon,developpeur,wilfried,jose,pa45623,lenovo,10/08/1998,-,-
m.,aarav,gupta,pharmgreen,paris,ou_devlog,ou_dev,developpeur,florian,rellay,pa24630,hp,30/06/1994,-,-
m.,abdou,selim,pharmgreen,paris,ou_devlog,ou_dev,developpeur,florian,rellay,pa48935,hp,17/06/1995,-,-
mme,amara,papadopoulos,pharmgreen,paris,ou_devlog,ou_dev,developpeur,florian,rellay,pa48934,lenovo,03/03/1979,-,-
mme,amelie,blanchet,pharmgreen,paris,ou_devlog,ou_dev,developpeur,florian,rellay,pa21577,toshiba,08/08/2001,-,-
mme,amelie,fournier,pharmgreen,paris,ou_devlog,ou_dev,developpeur,florian,rellay,pa60728,dell,22/07/1987,-,-
mme,amira,el-mahdi,pharmgreen,paris,ou_devlog,ou_dev,developpeur,florian,rellay,pa55201,toshiba,29/07/1996,-,-
mme,anya,yamada,pharmgreen,paris,ou_devlog,ou_dev,developpeur,florian,rellay,pa48940,hp,05/05/1993,-,-
m.,arjun,patel,pharmgreen,paris,ou_devlog,ou_dev,developpeur,florian,rellay,pa40065,dell,03/06/2001,-,-
mme,aurelie,yosef,pharmgreen,paris,ou_devlog,ou_dev,developpeur,florian,rellay,pa23575,dell,23/08/1990,-,-
mme,aya,benali,pharmgreen,paris,ou_devlog,ou_dev,developpeur,florian,rellay,pa77535,dell,29/10/1987,-,-
m.,benjamin,schmitt,pharmgreen,paris,ou_devlog,ou_dev,developpeur,florian,rellay,pa33002,dell,10/01/1986,-,-
mme,carla,pelcaut,pharmgreen,paris,ou_devlog,ou_dev,developpeur,florian,rellay,pa77321,dell,07/12/1988,-,-
mme,chloe,recteur,pharmgreen,paris,ou_devlog,ou_dev,developpeur,florian,rellay,pa69037,hp,01/06/1993,-,-
mme,clara,garcia,pharmgreen,paris,ou_devlog,ou_dev,developpeur,florian,rellay,pa48530,lenovo,25/12/1993,-,-
m.,david,vidal,pharmgreen,paris,ou_devlog,ou_dev,developpeur,florian,rellay,pa59874,toshiba,16/12/1985,-,-
m.,dmitri,ivanov,pharmgreen,paris,ou_devlog,ou_dev,developpeur,florian,rellay,pa75404,dell,13/09/1996,-,-
mme,elena,romero,pharmgreen,paris,ou_devlog,ou_dev,developpeur,florian,rellay,pa48936,hp,29/10/1988,-,-
m.,emilien,gerot,pharmgreen,paris,ou_devlog,ou_dev,developpeur,florian,rellay,pa51163,lenovo,31/07/1999,-,-
mme,emma,leclerc,pharmgreen,paris,ou_devlog,ou_dev,developpeur,florian,rellay,pa19161,lenovo,06/09/1986,-,-
mme,emmanuelle,"le doux",pharmgreen,paris,ou_devlog,ou_dev,developpeur,florian,rellay,pa95467,dell,31/10/1982,-,-
m.,eshan,khan,pharmgreen,paris,ou_devlog,ou_dev,developpeur,florian,rellay,pa34827,toshiba,30/01/1994,-,-
m.,etienne,legrand,pharmgreen,paris,ou_devlog,ou_dev,developpeur,florian,rellay,pa86254,hp,02/03/2000,-,-
m.,fabio,romano,pharmgreen,paris,ou_devlog,ou_dev,developpeur,florian,rellay,pa90927,hp,13/08/1995,-,-
mme,fergie,lork,pharmgreen,paris,ou_devlog,ou_dev,developpeur,florian,rellay,pa79446,toshiba,26/07/1996,-,-
m.,florian,rellay,pharmgreen,paris,ou_devlog,ou_dev,"responsable developpement",sofia,rossi,pa33002,toshiba,17/05/1991,0126036632,0749534624
m.,giovanni,moretti,pharmgreen,paris,ou_devlog,ou_dev,developpeur,florian,rellay,pa45337,toshiba,16/01/1995,-,-
mme,giulia,belhaj,pharmgreen,paris,ou_devlog,ou_dev,developpeur,florian,rellay,pa48945,hp,19/05/1987,-,-
m.,guillaume,pierre,pharmgreen,paris,ou_devlog,ou_dev,developpeur,florian,rellay,pa74884,dell,04/09/2001,-,-
mme,hamza,amari,pharmgreen,paris,ou_devlog,ou_dev,developpeur,florian,rellay,pa10427,-,28/10/1993,-,-
m.,hao,wang,pharmgreen,paris,ou_devlog,ou_dev,developpeur,florian,rellay,pa70346,dell,19/07/1984,-,-
m.,henri,lambert,pharmgreen,paris,ou_devlog,ou_dev,developpeur,florian,rellay,pa85194,hp,06/08/1997,-,-
m.,hiroshi,sow,pharmgreen,paris,ou_devlog,ou_dev,developpeur,florian,rellay,pa48941,lenovo,11/02/2001,-,-
m.,ibrahim,mansouri,pharmgreen,paris,ou_devlog,ou_dev,developpeur,florian,rellay,pa48948,hp,08/06/1996,-,-
mme,ines,dupont,pharmgreen,paris,ou_devlog,ou_dev,developpeur,florian,rellay,pa62916,lenovo,10/10/1997,-,-
mme,jaxon,"dicker brown",pharmgreen,paris,ou_devlog,ou_dev,developpeur,florian,rellay,pa78780,dell,04/02/1995,-,-
m.,jean,rolland,pharmgreen,paris,ou_devlog,ou_dev,developpeur,florian,rellay,pa43813,dell,16/03/1997,-,-
m.,jin,diop,pharmgreen,paris,ou_devlog,ou_dev,developpeur,florian,rellay,pa48933,hp,25/11/1991,-,-
mme,julia,schneider,pharmgreen,paris,ou_devlog,ou_dev,developpeur,florian,rellay,pa43252,dell,02/09/1997,-,-
m.,kaito,takahashi,pharmgreen,paris,ou_devlog,ou_dev,developpeur,florian,rellay,pa92121,lenovo,04/12/1996,-,-
m.,kevin,dumont,pharmgreen,paris,ou_devlog,ou_dev,developpeur,florian,rellay,pa32275,dell,27/10/1986,-,-
m.,killian,masson,pharmgreen,paris,ou_devlog,ou_dev,developpeur,florian,rellay,pa34551,lenovo,06/10/2000,-,-
m.,klaus,becker,pharmgreen,paris,ou_devlog,ou_dev,developpeur,florian,rellay,pa52587,lenovo,18/07/2000,-,-
mme,lina,muller,pharmgreen,paris,ou_devlog,ou_dev,developpeur,florian,rellay,pa25185,dell,02/10/1992,-,-
m.,luc,martin,pharmgreen,paris,ou_devlog,ou_dev,developpeur,florian,rellay,pa94045,toshiba,23/06/1995,-,-
mme,lucia,kimura,pharmgreen,paris,ou_devlog,ou_dev,developpeur,florian,rellay,pa48938,lenovo,14/04/1990,-,-
m.,malik,belkacem,pharmgreen,paris,ou_devlog,ou_dev,developpeur,florian,rellay,pa48942,hp,30/07/1980,-,-
m.,martin,nguyen,pharmgreen,paris,ou_devlog,ou_dev,developpeur,florian,rellay,pa57906,dell,18/07/1998,-,-
m.,matteo,ferrari,pharmgreen,paris,ou_devlog,ou_dev,developpeur,florian,rellay,pa96975,dell,23/04/1999,-,-
mme,mia,johnson,pharmgreen,paris,ou_devlog,ou_dev,developpeur,florian,rellay,pa67552,dell,07/02/1992,-,-
m.,miguel,hernandez,pharmgreen,paris,ou_devlog,ou_dev,developpeur,florian,rellay,pa52831,dell,12/06/1982,-,-
m.,mohammed,elbaz,pharmgreen,paris,ou_devlog,ou_dev,developpeur,florian,rellay,pa48939,dell,22/09/1985,-,-
m.,morgan,o'flaherty,pharmgreen,paris,ou_devlog,ou_dev,developpeur,florian,rellay,pa36514,dell,22/10/1983,-,-
mme,nora,o'sullivan,pharmgreen,paris,ou_devlog,ou_dev,developpeur,florian,rellay,pa12745,dell,15/01/1988,-,-
m.,norman,robin,pharmgreen,paris,ou_devlog,ou_dev,developpeur,florian,rellay,pa57512,hp,23/09/1993,-,-
mme,noura,habib,pharmgreen,paris,ou_devlog,ou_dev,developpeur,florian,rellay,pa48943,hp,09/12/1998,-,-
mme,rafaella,martinez,pharmgreen,paris,ou_devlog,ou_dev,developpeur,florian,rellay,pa99298,dell,30/04/1993,-,-
m.,raj,traore,pharmgreen,paris,ou_devlog,ou_dev,developpeur,florian,rellay,pa48947,hp,16/10/1978,-,-
m.,sacha,lopez,pharmgreen,paris,ou_devlog,ou_dev,developpeur,florian,rellay,pa19651,lenovo,10/10/1997,-,-
m.,samuel,clement,pharmgreen,paris,ou_devlog,ou_dev,developpeur,florian,rellay,pa45337,dell,07/01/1992,-,-
mme,sara,besnheard,pharmgreen,paris,ou_devlog,ou_dev,developpeur,florian,rellay,pa15299,hp,04/09/1988,-,-
mme,sara,nakamura,pharmgreen,paris,ou_devlog,ou_dev,developpeur,florian,rellay,pa48949,lenovo,04/04/1982,-,-
m.,seamus,o'connor,pharmgreen,paris,ou_devlog,ou_dev,developpeur,florian,rellay,pa48799,hp,24/07/1987,-,-
m.,sebastien,durand,pharmgreen,paris,ou_devlog,ou_dev,developpeur,florian,rellay,pa27630,dell,25/11/1993,-,-
m.,simon,gauthier,pharmgreen,paris,ou_devlog,ou_dev,developpeur,florian,rellay,pa28156,hp,01/11/1992,-,-
m.,tarek,ibrahimovic,pharmgreen,paris,ou_devlog,ou_dev,developpeur,florian,rellay,pa48937,lenovo,07/01/1976,-,-
m.,tenzin,li,pharmgreen,paris,ou_devlog,ou_dev,developpeur,florian,rellay,pa48932,dell,12/08/1983,-,-
m.,theo,durand,pharmgreen,paris,ou_devlog,ou_dev,developpeur,florian,rellay,pa48950,lenovo,21/01/1992,-,-
m.,tristan,fontaine,pharmgreen,paris,ou_devlog,ou_dev,developpeur,florian,rellay,pa96447,dell,25/02/1988,-,-
m.,tristan,"le petit",pharmgreen,paris,ou_devlog,ou_dev,developpeur,florian,rellay,pa74440,hp,14/10/1986,-,-
m.,victor,chevalier,pharmgreen,paris,ou_devlog,ou_dev,developpeur,florian,rellay,pa32765,dell,20/06/1983,-,-
m.,vincent,gerard,pharmgreen,paris,ou_devlog,ou_dev,developpeur,florian,rellay,pa52948,lenovo,18/09/1988,-,-
mme,yara,abadi,pharmgreen,paris,ou_devlog,ou_dev,developpeur,florian,rellay,pa58412,lenovo,11/08/1985,-,-
m.,yiannis,papadopoulos,pharmgreen,paris,ou_devlog,ou_dev,developpeur,florian,rellay,pa57679,toshiba,27/04/1991,-,-
m.,yohan,pillet,pharmgreen,paris,ou_devlog,ou_dev,developpeur,florian,rellay,pa83956,dell,26/12/1998,-,-
m.,youssef,al-masri,pharmgreen,paris,ou_devlog,ou_dev,developpeur,florian,rellay,pa51530,hp,29/06/1983,-,-
m.,youssef,ricci,pharmgreen,paris,ou_devlog,ou_dev,developpeur,florian,rellay,pa48944,dell,01/01/1975,-,-
mme,zineb,verma,pharmgreen,paris,ou_devlog,ou_dev,developpeur,florian,rellay,pa48946,lenovo,27/03/1994,-,-
mme,zoe,smith,pharmgreen,paris,ou_devlog,ou_dev,developpeur,florian,rellay,pa53861,dell,19/06/1998,-,-
mme,isabel,gomez,pharmgreen,paris,ou_devlog,ou_rechpro,developpeur,niko,gruber,pa21386,hp,23/06/1984,0158890916,0601928581
m.,julien,"le karadec-hyacyne",pharmgreen,paris,ou_devlog,ou_rechpro,developpeur,niko,gruber,pa67334,lenovo,10/12/2001,0182968579,0714669952
m.,niko,gruber,pharmgreen,paris,ou_devlog,ou_rechpro,"responsable recherche",sofia,rossi,pa82471,hp,17/11/1993,0148808015,0653178244
mme,sophie,mercier--le-coutourd,pharmgreen,paris,ou_devlog,ou_rechpro,developpeur,niko,gruber,pa27339,hp,11/03/1992,0138775905,0704209714
mme,angeline,lefaivre,pharmgreen,paris,ou_devlog,ou_testq,developpeur,elena,sanchez,pa21358,lenovo,04/06/1999,-,-
mme,camille,borner,pharmgreen,paris,ou_devlog,ou_testq,developpeur,elena,sanchez,pa46875,lenovo,07/06/2000,-,-
mme,elena,sanchez,pharmgreen,paris,ou_devlog,ou_testq,"responsable test et qualite",sofia,rossi,pa83940,lenovo,23/12/1986,0107161739,0628631838
m.,esteban,gonzalez,2face,paris,ou_devlog,ou_externe,testeur,elena,sanchez,-,-,-,-,-
mme,eva,simonet,pharmgreen,paris,ou_devlog,ou_testq,developpeur,elena,sanchez,pa81191,lenovo,20/01/1994,-,-
m.,fabien,hy-d’jykov,2face,paris,ou_devlog,ou_externe,testeur,elena,sanchez,-,-,-,0177322131,0619087602
m.,fabien,lecointre,2face,paris,ou_devlog,ou_externe,testeur,elena,sanchez,-,-,-,-,-
m.,guido,bianchi,pharmgreen,paris,ou_devlog,ou_testq,developpeur,elena,sanchez,pa27339,lenovo,25/09/1983,-,-
mme,helena,kusmerowa,2face,paris,ou_devlog,ou_externe,testeur,elena,sanchez,-,-,-,-,-
mme,laura,lemeunier,pharmgreen,paris,ou_devlog,ou_testq,developpeur,elena,sanchez,pa46875,hp,30/04/2001,-,-
m.,leo,dubois,pharmgreen,paris,ou_devlog,ou_testq,developpeur,elena,sanchez,pa84928,lenovo,07/12/1997,-,-
mme,marie,dufour,pharmgreen,paris,ou_devlog,ou_testq,developpeur,elena,sanchez,pa72687,lenovo,22/05/2000,-,-
m.,maximilian,wagner,pharmgreen,paris,ou_devlog,ou_testq,developpeur,elena,sanchez,pa53201,hp,29/11/1984,-,-
m.,niamh,fitzpatrick,pharmgreen,paris,ou_devlog,ou_testq,developpeur,elena,sanchez,pa31784,toshiba,11/04/1987,-,-
mme,nina,ledoux,pharmgreen,paris,ou_devlog,ou_testq,developpeur,elena,sanchez,pa31356,lenovo,21/04/1998,-,-
m.,olivetti,"del roy",pharmgreen,paris,ou_devlog,ou_testq,developpeur,elena,sanchez,pa78411,hp,20/03/1989,-,-
m.,remy,leriche,2face,paris,ou_devlog,ou_externe,testeur,elena,sanchez,-,-,-,-,-
m.,tariq,aziz,pharmgreen,paris,ou_devlog,ou_testq,developpeur,elena,sanchez,pa31010,lenovo,12/03/1989,-,-
mme,sofia,rossi,pharmgreen,paris,ou_devlog,-,"directeur developpement logiciel",camille,martin,pa93655,toshiba,21/09/1998,0185544131,0730413931
m.,alexis,bernard,pharmgreen,paris,ou_dir,-,"directeur adjoint",camille,martin,pa89346,dell,13/08/1997,0187246457,0738812832
mme,camille,martin,pharmgreen,paris,ou_dir,-,ceo,-,-,pa12959,toshiba,09/05/1985,0160409379,0653791741
m.,ismail,aloui,pharmgreen,paris,ou_dir,-,"assistant de direction",camille,martin,pa44025,dell,11/07/1994,0169526844,0799523610
mme,kim,park,pharmgreen,paris,ou_dir,-,"assistant de direction",camille,martin,pa204692,dell,29/08/1997,0169523302,0695330569
m.,leonard,dubois,pharmgreen,paris,ou_dir,-,"assistant de direction",camille,martin,pa75792,toshiba,12/12/1998,0112092812,0757172438
mme,naomi,yamamoto,pharmgreen,paris,ou_dir,-,"assistant de direction",camille,martin,pa441236,dell,02/01/2001,0187446290,0677452036
m.,alan,meunier,pharmgreen,paris,ou_dsi,ou_adminsyst,"technicien reseaux",anthony,noel,pa21577,dell,02/08/1995,0194124692,0687340310
mme,marie,meyer,pharmgreen,paris,ou_dsi,ou_adminsyst,"technicien systemes",anthony,noel,pa33490,dell,27/12/1997,0134344137,0717065142
m.,mathis,mercier,pharmgreen,paris,ou_dsi,ou_adminsyst,"technicien reseaux",anthony,noel,pa30819,dell,21/08/1993,0466874640,0745093669
mme,juliette,roux,pharmgreen,paris,ou_dsi,ou_devint,developpeur,anthony,noel,pa73994,dell,30/05/1985,0134118694,0665692415
mme,juliette,roy,pharmgreen,paris,ou_dsi,ou_devint,developpeur,anthony,noel,pa83956,dell,12/11/1991,0104199164,0637045158
m.,romain,vincent,pharmgreen,paris,ou_dsi,ou_devint,integrateur,anthony,noel,pa52103,dell,30/08/1987,0192883550,0770092044
m.,aaron,roche,pharmgreen,paris,ou_dsi,ou_expl,"technicien d'exploitation",anthony,noel,pa76820,dell,20/10/2001,0400609816,0673124437
m.,bryan,perez,pharmgreen,paris,ou_dsi,ou_expl,"technicien d'exploitation",anthony,noel,pa78323,dell,22/05/1993,0131204687,0664331983
mme,ines,roger,pharmgreen,paris,ou_dsi,ou_expl,"technicien de maintenance",anthony,noel,pa69442,dell,13/12/1997,0490987479,0617155871
m.,julien,duran,pharmgreen,paris,ou_dsi,ou_expl,"technicien de maintenance",anthony,noel,pa84572,dell,01/05/1989,0137916836,0704153936
m.,tom,morel,pharmgreen,paris,ou_dsi,ou_support,hotliner,anthony,noel,pa32765,dell,31/03/2001,0181640031,0666489658
m.,anthony,noel,pharmgreen,paris,ou_dsi,-,"directeur des systemes d'information",camille,martin,pa85785,dell,31/10/1990,0174752256,0663073894
m.,alex,barbier,pharmgreen,paris,ou_fincom,ou_finance,"analyste financier",yacine,hamad,pa34551,toshiba,21/10/1992,0153906457,-
m.,ali,khan,pharmgreen,paris,ou_fincom,ou_finance,"controleur de gestion",yacine,hamad,pa68870,hp,08/10/2000,0196036547,-
m.,matteo,simon,pharmgreen,paris,ou_fincom,ou_finance,"controleur de gestion",yacine,hamad,pa57512,hp,28/11/1986,0175097244,-
m.,mikhail,petrov,pharmgreen,paris,ou_fincom,ou_finance,"controleur de gestion",yacine,hamad,pa68868,toshiba,24/09/1981,0112369506,-
mme,noemie,andre,pharmgreen,paris,ou_fincom,ou_finance,"controleur de gestion",yacine,hamad,pa12959,toshiba,05/05/1995,0109401276,-
mme,sofia,moreau,pharmgreen,paris,ou_fincom,ou_finance,"controleur de gestion",yacine,hamad,pa68869,hp,01/10/1985,0166520394,-
m.,yacine,hamad,pharmgreen,paris,ou_fincom,ou_finance,"directeur financier",camille,martin,pa68867,hp,18/10/1992,0154314543,0648462640
m.,quentin,bertrand,pharmgreen,paris,ou_fincom,ou_fiscalite,"conseiller en fiscalite",yacine,hamad,pa31320,lenovo,22/08/1982,0483436266,-
m.,mael,laurent,pharmgreen,paris,ou_fincom,ou_compta,comptable,yacine,hamad,pa30790,hp,14/08/1987,0157784039,-
mme,manon,brun,pharmgreen,paris,ou_fincom,ou_compta,comptable,yacine,hamad,pa68447,lenovo,11/06/1998,0460954183,-
m.,maxime,lefebvre,pharmgreen,paris,ou_fincom,ou_compta,comptable,yacine,hamad,pa56314,dell,26/05/2000,0107939301,-
mme,louise,richard,pharmgreen,paris,ou_qhse,ou_certif,auditeur,arielle,leroy,pa81191,lenovo,29/05/1990,0159009944,0762598012
mme,arielle,leroy,pharmgreen,paris,ou_qhse,ou_controleq,"responsable qhse",camille,martin,pa53466,toshiba,14/08/1993,0187941494,0718694265
m.,lucas,moraud,pharmgreen,paris,ou_qhse,ou_controleq,"animateur securite",arielle,leroy,pa26363,lenovo,28/08/1998,0108552477,0765920369
mme,anjali,kapoor,pharmgreen,paris,ou_qhse,ou_gestenv,"technicien hse",arielle,leroy,pa26364,lenovo,15/05/1989,0155239480,-
m.,david,cohen,pharmgreen,paris,ou_qhse,ou_gestenv,"technicien hse",arielle,leroy,pa26365,lenovo,28/09/2001,0132663940,-
m.,enzo,petit,pharmgreen,paris,ou_qhse,ou_gestenv,"technicien hse",arielle,leroy,pa74987,lenovo,24/10/1998,0171818675,-
m.,arnoovik,jlecht,pharmgreen,paris,ou_servcom,ou_adv,"gestionnaire adv",bastien,lucas,pa16353,dell,19/11/2001,0124045383,0763236659
m.,bastien,lucas,pharmgreen,paris,ou_servcom,ou_adv,"responsable adv",pierre,david,pa16564,dell,16/07/1988,0154658546,0697336293
mme,jade,lefevre,pharmgreen,paris,ou_servcom,ou_adv,"gestionnaire adv",bastien,lucas,pa64810,dell,16/11/1984,0180183734,0621673896
mme,latifa,"jean-robert de boisselier",pharmgreen,paris,ou_servcom,ou_adv,"gestionnaire adv",bastien,lucas,pa46917,dell,02/09/1990,0114930105,0739063477
mme,pauline,lambert-ilo,pharmgreen,paris,ou_servcom,ou_adv,"gestionnaire adv",bastien,lucas,pa37602,dell,10/11/1987,0158406170,0606722898
m.,dorian,blanchard,pharmgreen,paris,ou_servcom,ou_b2b,commercial,pierre,david,pa82880,dell,18/08/1991,0451967464,0655939808
m.,nathan,dupont,pharmgreen,paris,ou_servcom,ou_b2b,commercial,pierre,david,pa12427,dell,01/02/1992,0109336075,0662152312
m.,theo,fournier-laval,pharmgreen,paris,ou_servcom,ou_b2b,commercial,pierre,david,pa44614,dell,16/12/1982,0181612961,0703432899
m.,valentin,bonnet,pharmgreen,paris,ou_servcom,ou_b2b,commercial,pierre,david,pa90176,dell,23/02/1987,0439648412,0799413599
mme,alice,benali,pharmgreen,paris,ou_servcom,ou_servachat,acheteur,kylian,martinez,pa19150,dell,06/06/2000,0136235036,0612345678
m.,charles,marchand,pharmgreen,paris,ou_servcom,ou_servachat,acheteur,kylian,martinez,pa16013,dell,29/04/1999,0167218515,0654606027
mme,chloe,dubois,pharmgreen,paris,ou_servcom,ou_servachat,acheteur,kylian,martinez,pa19154,dell,20/03/1989,0199503648,0611223344
m.,dylan,marie,pharmgreen,paris,ou_servcom,ou_servachat,acheteur,kylian,martinez,pa59874,dell,30/03/1991,0113588016,0690730213
m.,hassan,rahman,pharmgreen,paris,ou_servcom,ou_servachat,acheteur,kylian,martinez,pa19155,dell,28/11/1990,0165849321,0766778899
m.,joaquin,morales,pharmgreen,paris,ou_servcom,ou_servachat,acheteur,kylian,martinez,pa19157,dell,19/06/1994,0109806372,0755667788
m.,kylian,martinez,pharmgreen,paris,ou_servcom,ou_servachat,"responsable achat client",pierre,david,pa19149,dell,26/08/1988,0151530426,0696228844
m.,mehdi,benkacem,pharmgreen,paris,ou_servcom,ou_servachat,acheteur,kylian,martinez,pa19151,dell,10/10/1984,0122536980,0789452310
mme,mina,nguyen,pharmgreen,paris,ou_servcom,ou_servachat,acheteur,kylian,martinez,pa19156,dell,03/01/1981,0133205490,0600112233
m.,nikolai,ivanov,pharmgreen,paris,ou_servcom,ou_servachat,acheteur,kylian,martinez,pa19153,dell,26/05/1977,0135114568,0722334455
mme,tara,murphy,pharmgreen,paris,ou_servcom,ou_servachat,acheteur,kylian,martinez,pa19152,dell,15/12/1996,0169452736,0698765432
m.,arjun,patel,pharmgreen,paris,ou_servcom,ou_servclient,agent,kylian,martinez,pa79821,dell,21/04/1996,0142387006,0712345678
mme,aya,kobayashi,pharmgreen,paris,ou_servcom,ou_servclient,agent,kylian,martinez,pa79818,dell,23/03/1991,0123906243,0677889900
m.,jules,girard,pharmgreen,paris,ou_servcom,ou_servclient,agent,kylian,martinez,pa39395,dell,25/01/1985,0163132039,0644556677
mme,julie,"francois d'assise",pharmgreen,paris,ou_servcom,ou_servclient,agent,kylian,martinez,pa79817,dell,23/09/1994,0136982369,0710203040
mme,leila,amrani,pharmgreen,paris,ou_servcom,ou_servclient,agent,kylian,martinez,pa79820,dell,17/12/1999,0139856399,0699887766
m.,omar,el-masri,pharmgreen,paris,ou_servcom,ou_servclient,agent,kylian,martinez,pa79823,dell,14/09/1996,0156245626,0709876543
m.,sven,andersson,pharmgreen,paris,ou_servcom,ou_servclient,agent,kylian,martinez,pa79819,dell,12/07/2003,0125743260,0733221100
mme,zara,nasri,pharmgreen,paris,ou_servcom,ou_servclient,agent,kylian,martinez,pa79822,dell,17/07/2001,0168513999,0623456789
m.,pierre,david,pharmgreen,paris,ou_servcom,-,"directeur commercial",camille,martin,pa90233,dell,12/05/1997,0106664984,0765432109
mme,celia,"da silva",pharmgreen,paris,ou_servrecru,-,"agent rh",christophe,leroux,pa66766,hp,31/07/1986,0498537902,0634567890
m.,christophe,leroux,pharmgreen,paris,ou_servrecru,-,"responsable recrutement",camille,martin,pa20618,hp,10/05/1992,0163902409,0718273645
mme,melanie,carpentier,pharmgreen,paris,ou_servrecru,-,"agent rh",christophe,leroux,pa31784,hp,09/08/1983,0183765728,0601234567
